{"cameraMode":{"drawMode":0,"name":"Shaded","section":"Shading Mode"},"sceneLighting":true,"audioPlay":false,"sceneViewState":{"showFog":true,"showMaterialUpdate":true,"showSkybox":true,"showFlares":true,"showImageEffects":true,"showParticleSystems":true},"in2DMode":false,"pivot":{"x":-8.381244659423829,"y":0.9655146598815918,"z":3.6250858306884767},"rotation":{"x":-0.04271828755736351,"y":0.9262241125106812,"z":-0.11056527495384217,"w":-0.3578627109527588},"size":24.60186767578125,"orthographic":false}